{
  "config": {
    "classifier_path": "./verifier_RoBERTa",
    "ranker_path": "./ranker_roberta",
    "classifier_threshold": 0.5,
    "test_data": {
      "high": "./group_high.json",
      "medium": "./group_medium.json",
      "low": "./group_low.json"
    }
  },
  "group_sizes": {
    "high": 505,
    "medium": 397,
    "low": 417
  },
  "accuracy": {
    "mv": {
      "overall": 0.686125852918878,
      "high": 0.9603960396039604,
      "medium": 0.7204030226700252,
      "low": 0.3213429256594724
    },
    "cls_top": {
      "overall": 0.4116755117513268,
      "high": 0.6514851485148515,
      "medium": 0.35768261964735515,
      "low": 0.17266187050359713
    },
    "cls_wmv": {
      "overall": 0.6489764973464746,
      "high": 0.9504950495049505,
      "medium": 0.6498740554156172,
      "low": 0.2829736211031175
    },
    "rnk_top": {
      "overall": 0.36542835481425323,
      "high": 0.594059405940594,
      "medium": 0.30730478589420657,
      "low": 0.14388489208633093
    },
    "rnk_wmv": {
      "overall": 0.6815769522365428,
      "high": 0.9584158415841584,
      "medium": 0.7052896725440806,
      "low": 0.3237410071942446
    },
    "cls_rnk_top": {
      "overall": 0.38059135708870356,
      "high": 0.6079207920792079,
      "medium": 0.32997481108312343,
      "low": 0.15347721822541965
    },
    "cls_rnk_wmv": {
      "overall": 0.6163760424564063,
      "high": 0.9306930693069307,
      "medium": 0.6095717884130982,
      "low": 0.2422062350119904
    }
  }
}